Workbook

Sheet Product Backlog
A1: TIPO | B1: Requisito | C1: Descrição | D1: Classificação | E1: Sprint | F1: Prioridade | G1: Complexidade | H1: Pontos
A2: RF1 | B2: Tela inicial | C2: Página inicial do site institucional da VigLat. | D2: Essencial | E2: Sprint 1 | F2: 1 | G2: M | H2: 8
A3: RF4.2 | B3: Permitir redefinição da senha | C3: Redefinir senha após validação do fluxo de recuperação. | D3: Desejável | E3: Sprint 1 | F3: 3 | G3: GG | H3: 21
A4: RF6.1 | B4: Salvar temperatura no banco | C4: Armazenar cada leitura de temperatura recebida. | D4: Essencial | E4: Sprint 1 | F4: 1 | G4: P | H4: 5
A5: RF7.4 | B5: Exibir status da câmara | C5: Mostrar se a condição está adequada, acima ou abaixo do ideal. | D5: Importante | E5: Sprint 1 | F5: 2 | G5: M | H5: 8
A6: RF10.2 | B6: Gerar alerta de temperatura | C6: Emitir alerta quando a temperatura estiver fora do padrão. | D6: Essencial | E6: Sprint 1 | F6: 1 | G6: G | H6: 13
A7: RNF1.1 | B7: Restringir acesso por autenticação | C7: Garantir que apenas usuários autenticados acessem dados sensíveis. | D7: Essencial | E7: Sprint 1 | F7: 1 | G7: G | H7: 13
A8: RNF4 | B8: Interface intuitiva e clara | C8: A interface deve ser simples para produtores artesanais. | D8: Desejável | E8: Sprint 1 | F8: 3 | G8: M | H8: 8
A9: RF1.1 | B9: Apresentar proposta da VigLat | C9: Exibir objetivo da solução e o problema enfrentado pelo produtor de QMA na fase de maturação. | D9: Essencial | E9: Sprint 2 | F9: 1 | G9: P | H9: 5
A10: RF5.1 | B10: Coletar temperatura | C10: Capturar valores de temperatura pelo sensor acoplado ao Arduino. | D10: Essencial | E10: Sprint 2 | F10: 1 | G10: P | H10: 5
A11: RF6.3 | B11: Salvar data e hora da leitura | C11: Registrar timestamp para auditoria e histórico. | D11: Essencial | E11: Sprint 2 | F11: 1 | G11: P | H11: 5
A12: RF6.4 | B12: Relacionar leitura à câmara/sensor | C12: Associar cada coleta ao sensor e à câmara monitorada. | D12: Importante | E12: Sprint 2 | F12: 2 | G12: M | H12: 8
A13: RF7.3 | B13: Exibir última atualização | C13: Mostrar data e hora da última leitura recebida. | D13: Importante | E13: Sprint 2 | F13: 2 | G13: P | H13: 5
... A74: RNF6.2 | B74: Preparar regra de disparo de alertas | C74: Aplicar lógica para emissão de alerta diante de desvios críticos. | D74: Importante | E74: Sprint 9 | F74: 2 | G74: G | H74: 13
G85: Sprint 1 | H85: =SUMIF($E$2:$E$74,G85,$H$2:$H$74) -> 76
G86: Sprint 2 | H86: =SUMIF($E$2:$E$74,G86,$H$2:$H$74) -> 73
G87: Sprint 3 | H87: =SUMIF($E$2:$E$74,G87,$H$2:$H$74) -> 72
G88: Sprint 4 | H88: =SUMIF($E$2:$E$74,G88,$H$2:$H$74) -> 71
G89: Sprint 5 | H89: =SUMIF($E$2:$E$74,G89,$H$2:$H$74) -> 73
G90: Sprint 6 | H90: =SUMIF($E$2:$E$74,G90,$H$2:$H$74) -> 70
G91: Sprint 7 | H91: =SUMIF($E$2:$E$74,G91,$H$2:$H$74) -> 70
G92: Sprint 8 | H92: =SUMIF($E$2:$E$74,G92,$H$2:$H$74) -> 73
G93: Sprint 9 | H93: =SUMIF($E$2:$E$74,G93,$H$2:$H$74) -> 70

Sheet SPRINT 2 BackLog
A1: TIPO | B1: Requisito | C1: Descrição | D1: Classificação | E1: Sprint | F1: Prioridade | G1: Complexidade | H1: Pontos | I1: Quem fez
A2: RF1 | B2: Tela inicial | C2: Página inicial do site institucional da VigLat. | D2: Essencial | E2: =_xlfn.XLOOKUP(A2,'Product Backlog'!$A$2:$A$74,'Product Backlog'!$E$2:$E$74) -> Sprint 1 | F2: 1 | G2: M | H2: 8 | I2: Lucas Cordeiro, Miguel Carvalho
A3: RF1.1 | B3: Apresentar proposta da VigLat | C3: Exibir objetivo da solução e o problema enfrentado pelo produtor de QMA na fase de maturação. | D3: Essencial | E3: =_xlfn.XLOOKUP(A3,'Product Backlog'!$A$2:$A$74,'Product Backlog'!$E$2:$E$74) -> Sprint 2 | F3: 1 | G3: P | H3: 5 | I3: Lucas Cordeiro, Miguel Carvalho
A4: RF1.1.1 | B4: Exibir contexto do problema | C4: Mostrar impacto da temperatura e umidade inadequadas na perda de queijo e descarte de lotes. | D4: Importante | E4: =_xlfn.XLOOKUP(A4,'Product Backlog'!$A$2:$A$74,'Product Backlog'!$E$2:$E$74) -> Sprint 3 | F4: 2 | G4: P | H4: 5 | I4: Lucas Cordeiro, Miguel Carvalho
A5: RF1.1.2 | B5: Exibir benefícios da solução | C5: Mostrar como o monitoramento ajuda na tomada de decisão e redução de perdas. | D5: Importante | E5: =_xlfn.XLOOKUP(A5,'Product Backlog'!$A$2:$A$74,'Product Backlog'!$E$2:$E$74) -> Sprint 7 | F5: 2 | G5: P | H5: 5 | I5: Lucas Cordeiro, Miguel Carvalho
A6: RF1.2 | B6: Apresentar navegação principal | C6: Disponibilizar acesso claro para home, dashboard, contato, documentação e login. | D6: Importante | E6: =_xlfn.XLOOKUP(A6,'Product Backlog'!$A$2:$A$74,'Product Backlog'!$E$2:$E$74) -> Sprint 8 | F6: 2 | G6: P | H6: 5 | I6: Lucas Cordeiro, Miguel Carvalho, Leonardo Sousa
A7: RF2 | B7: Cadastro de usuário | C7: Permitir criação de conta para acesso ao sistema. | D7: Essencial | E7: =_xlfn.XLOOKUP(A7,'Product Backlog'!$A$2:$A$74,'Product Backlog'!$E$2:$E$74) -> Sprint 3 | F7: 1 | G7: P | H7: 5 | I7: Gustavo Estevam, Leonardo Sousa
A8: RF2.1 | B8: Cadastrar dados pessoais | C8: Cadastrar nome, e-mail, CPF e telefone do usuário. | D8: Essencial | E8: =_xlfn.XLOOKUP(A8,'Product Backlog'!$A$2:$A$74,'Product Backlog'!$E$2:$E$74) -> Sprint 4 | F8: 1 | G8: P | H8: 5 | I8: Gustavo Estevam, Leonardo Sousa
A9: RF2.1.1 | B9: Validar campos obrigatórios do cadastro | C9: Validar preenchimento de campos obrigatórios antes do envio. | D9: Importante | E9: =_xlfn.XLOOKUP(A9,'Product Backlog'!$A$2:$A$74,'Product Backlog'!$E$2:$E$74) -> Sprint 8 | F9: 2 | G9: PP | H9: 3 | I9: Leonardo Sousa
A10: RF2.1.2 | B10: Validar formato de CPF e e-mail | C10: Aplicar validação de formato para CPF e e-mail. | D10: Importante | E10: =_xlfn.XLOOKUP(A10,'Product Backlog'!$A$2:$A$74,'Product Backlog'!$E$2:$E$74) -> Sprint 4 | F10: 2 | G10: PP | H10: 3 | I10: Leonardo Sousa
A11: RF3 | B11: Tela de login | C11: Permitir autenticação para acesso ao sistema. | D11: Essencial | E11: =_xlfn.XLOOKUP(A11,'Product Backlog'!$A$2:$A$74,'Product Backlog'!$E$2:$E$74) -> Sprint 6 | F11: 1 | G11: P | H11: 5 | I11: Vinicíus Garban, Kauê Silva
A12: RF5 | B12: Coletar dados via Arduino | C12: Receber leituras ambientais das câmaras de maturação. | D12: Essencial | E12: =_xlfn.XLOOKUP(A12,'Product Backlog'!$A$2:$A$74,'Product Backlog'!$E$2:$E$74) -> Sprint 8 | F12: 1 | G12: P | H12: 5 | I12: Todos os Integrantes
A13: RF5.1 | B13: Coletar temperatura | C13: Capturar valores de temperatura pelo sensor acoplado ao Arduino. | D13: Essencial | E13: =_xlfn.XLOOKUP(A13,'Product Backlog'!$A$2:$A$74,'Product Backlog'!$E$2:$E$74) -> Sprint 2 | F13: 1 | G13: P | H13: 5 | I13: Todos os Integrantes
... A51: RNF7.2 | B51: Renderizar gráficos de forma eficiente | C51: Exibir gráficos sem comprometer a experiência do usuário. | D51: Importante | E51: =_xlfn.XLOOKUP(A51,'Product Backlog'!$A$2:$A$74,'Product Backlog'!$E$2:$E$74) -> Sprint 3 | F51: 2 | G51: G | H51: 13 | I51: Kauê Silva, Leonardo Sousa, Vinicíus Garban

Sheet SPRINT 3 BackLog
A1: TIPO | B1: Requisito | C1: Descrição | D1: Classificação | E1: Sprint | F1: Prioridade | G1: Complexidade | H1: Pontos
A2: RF2.2 | B2: Cadastrar credenciais de acesso | C2: Cadastrar senha e confirmação de senha. | D2: Importante | E2: =_xlfn.XLOOKUP(A2,'Product Backlog'!$A$2:$A$74,'Product Backlog'!$E$2:$E$74) -> Sprint 4 | F2: 2 | G2: PP | H2: 3
A3: RF2.3 | B3: Cadastrar dados da queijaria | C3: Registrar nome da propriedade/queijaria e identificação do produtor. | D3: Desejável | E3: =_xlfn.XLOOKUP(A3,'Product Backlog'!$A$2:$A$74,'Product Backlog'!$E$2:$E$74) -> Sprint 9 | F3: 3 | G3: P | H3: 5
A4: RF3.1 | B4: Validação das credenciais | C4: Validar credenciais do usuário para liberação do acesso. | D4: Essencial | E4: =_xlfn.XLOOKUP(A4,'Product Backlog'!$A$2:$A$74,'Product Backlog'!$E$2:$E$74) -> Sprint 7 | F4: 1 | G4: P | H4: 5
A5: RF3.2 | B5: Controlar acesso a áreas restritas | C5: Permitir acesso ao dashboard apenas para usuários autenticados. | D5: Essencial | E5: =_xlfn.XLOOKUP(A5,'Product Backlog'!$A$2:$A$74,'Product Backlog'!$E$2:$E$74) -> Sprint 5 | F5: 1 | G5: M | H5: 8
A6: RF4 | B6: Recuperação de senha | C6: Permitir redefinição de senha em caso de esquecimento. | D6: Desejável | E6: =_xlfn.XLOOKUP(A6,'Product Backlog'!$A$2:$A$74,'Product Backlog'!$E$2:$E$74) -> Sprint 4 | F6: 3 | G6: P | H6: 5
A7: RF4.1 | B7: Solicitar e-mail de recuperação | C7: Receber o e-mail do usuário para iniciar a recuperação. | D7: Desejável | E7: =_xlfn.XLOOKUP(A7,'Product Backlog'!$A$2:$A$74,'Product Backlog'!$E$2:$E$74) -> Sprint 3 | F7: 3 | G7: P | H7: 5
A8: RF4.2 | B8: Permitir redefinição da senha | C8: Redefinir senha após validação do fluxo de recuperação. | D8: Desejável | E8: =_xlfn.XLOOKUP(A8,'Product Backlog'!$A$2:$A$74,'Product Backlog'!$E$2:$E$74) -> Sprint 1 | F8: 3 | G8: GG | H8: 21
A9: RF10 | B9: Emitir alertas para variações críticas | C9: Avisar quando os parâmetros estiverem fora do ideal. | D9: Essencial | E9: =_xlfn.XLOOKUP(A9,'Product Backlog'!$A$2:$A$74,'Product Backlog'!$E$2:$E$74) -> Sprint 2 | F9: 1 | G9: M | H9: 8
A10: RF10.1 | B10: Comparar leitura com faixa ideal | C10: Verificar se a temperatura e a umidade estão fora dos limites definidos. | D10: Essencial | E10: =_xlfn.XLOOKUP(A10,'Product Backlog'!$A$2:$A$74,'Product Backlog'!$E$2:$E$74) -> Sprint 5 | F10: 1 | G10: M | H10: 8
A11: RF10.2 | B11: Gerar alerta de temperatura | C11: Emitir alerta quando a temperatura estiver fora do padrão. | D11: Essencial | E11: =_xlfn.XLOOKUP(A11,'Product Backlog'!$A$2:$A$74,'Product Backlog'!$E$2:$E$74) -> Sprint 1 | F11: 1 | G11: G | H11: 13
A12: RF10.3 | B12: Gerar alerta de umidade | C12: Emitir alerta quando a umidade estiver fora do padrão. | D12: Essencial | E12: =_xlfn.XLOOKUP(A12,'Product Backlog'!$A$2:$A$74,'Product Backlog'!$E$2:$E$74) -> Sprint 9 | F12: 1 | G12: G | H12: 13
A13: RF10.4 | B13: Registrar evento de alerta | C13: Salvar ocorrência de alerta para consulta futura. | D13: Importante | E13: =_xlfn.XLOOKUP(A13,'Product Backlog'!$A$2:$A$74,'Product Backlog'!$E$2:$E$74) -> Sprint 9 | F13: 2 | G13: GG | H13: 21
... A24: RNF1.2 | B24: Separar dados por usuário | C24: Evitar visualização indevida de dados entre produtores. | D24: Essencial | E24: =_xlfn.XLOOKUP(A24,'Product Backlog'!$A$2:$A$74,'Product Backlog'!$E$2:$E$74) -> Sprint 4 | F24: 1 | G24: G | H24: 13

Sheet BURNDOWN
A1: Dias | B1: Meta Dia | C1: Meta Ideal | D1: Realizado dia Real | E1: Pendente
A2: 0 | B2: 0 | C2: =SUM('Product Backlog'!H2:H74) -> 648 | D2: 0 | E2: =SUM('Product Backlog'!H2:H74) -> 648
A3: 1 | B3: 11 | C3: =C2-Tabela1[[#This Row],[Meta Dia]] -> 637 | D3: 12 | E3: =E2-Tabela1[[#This Row],[Realizado dia Real]] -> 636
A4: 2 | B4: 11 | C4: =C3-Tabela1[[#This Row],[Meta Dia]] -> 626 | D4: 8 | E4: =E3-Tabela1[[#This Row],[Realizado dia Real]] -> 628
A5: 3 | B5: 11 | C5: =C4-Tabela1[[#This Row],[Meta Dia]] -> 615 | D5: 9 | E5: =E4-Tabela1[[#This Row],[Realizado dia Real]] -> 619
A6: 4 | B6: 11 | C6: =C5-Tabela1[[#This Row],[Meta Dia]] -> 604 | D6: 7 | E6: =E5-Tabela1[[#This Row],[Realizado dia Real]] -> 612
A7: 5 | B7: 11 | C7: =C6-Tabela1[[#This Row],[Meta Dia]] -> 593 | D7: 10 | E7: =E6-Tabela1[[#This Row],[Realizado dia Real]] -> 602
A8: 6 | B8: 11 | C8: =C7-Tabela1[[#This Row],[Meta Dia]] -> 582 | D8: 11 | E8: =E7-Tabela1[[#This Row],[Realizado dia Real]] -> 591
A9: 7 | B9: 11 | C9: =C8-Tabela1[[#This Row],[Meta Dia]] -> 571 | D9: 6 | E9: =E8-Tabela1[[#This Row],[Realizado dia Real]] -> 585
A10: 8 | B10: 11 | C10: =C9-Tabela1[[#This Row],[Meta Dia]] -> 560 | D10: 8 | E10: =E9-Tabela1[[#This Row],[Realizado dia Real]] -> 577
A11: 9 | B11: 11 | C11: =C10-Tabela1[[#This Row],[Meta Dia]] -> 549 | D11: 4 | E11: =E10-Tabela1[[#This Row],[Realizado dia Real]] -> 573
A12: 10 | B12: 11 | C12: =C11-Tabela1[[#This Row],[Meta Dia]] -> 538 | D12: 5 | E12: =E11-Tabela1[[#This Row],[Realizado dia Real]] -> 568
A13: 11 | B13: 11 | C13: =C12-Tabela1[[#This Row],[Meta Dia]] -> 527 | D13: 15 | E13: =E12-Tabela1[[#This Row],[Realizado dia Real]] -> 553
A14: 12 | B14: 11 | C14: =C13-Tabela1[[#This Row],[Meta Dia]] -> 516 | D14: 6 | E14: =E13-Tabela1[[#This Row],[Realizado dia Real]] -> 547
... A61: 59 | B61: 10 | C61: =C60-Tabela1[[#This Row],[Meta Dia]] -> 0 | D61: 6 | E61: =E60-Tabela1[[#This Row],[Realizado dia Real]] -> 6.3207449
A62: 60 | D62: 6 | E62: =E61-Tabela1[[#This Row],[Realizado dia Real]] -> 0.32074487
